Aero Client,\game\Aero Client\index.html,0,,
Astra Client,\game\Astra Client\index.html,0,,
Astra Client 2-1.8.8,\game\Astra Client 2-1.8.8\index.html,0,,
Eaglerforge,\game\Eaglerforge\index.html,0,,
EB Client,\game\EB Client\index.html,0,,
EB Client 1.8.8,\game\EB Client 1.8.8\index.html,0,,
EB Client 1.14.4,\game\EB Client 1.14.4\index.html,0,,
Eclipse Client,\game\Eclipse Client\index.html,0,,
efi-1.8.8,\game\efi-1.8.8\index.html,0,,
efi-1.12.2,\game\efi-1.12.2\index.html,0,,
Forge 1.6.4,\game\Forge 1.6.4\index.html,0,,
GX-Client,\game\GX-Client\index.html,0,,
Huzzium Client,\game\Huzzium Client\index.html,0,,
Kozmo Client,\game\Kozmo Client\index.html,0,,
Larp Client 1.12.2,\game\Larp Client 1.12.2\index.html,0,,
Larp Client 1.14.4,\game\Larp Client 1.14.4\index.html,0,,
Modern Client,\game\Modern Client\index.html,0,,
Myven Client,\game\Myven Client\index.html,0,,
Pixel Client,\game\Pixel Client\index.html,0,,
Precision Client,\game\Precision Client\index.html,0,,
Reflex Client,\game\Reflex Client\index.html,0,,
Resent Client,\game\Resent Client\index.html,0,,
Tuff Client,\game\Tuff Client\index.html,0,,
Tuff Client Beta,\game\Tuff Client Beta\index.html,0,,