26.2,0,game/eaglercraft/26.2-wasm/index.html
26.1.2,0,game/eaglercraft/26.1.2-wasm/index.html
1.21.11,0,game/eaglercraft/1.21.11-wasm/index.html
1.20.6,0,game/eaglercraft/1.20.6-wasm/index.html
1.17.1,0,game/eaglercraft/1.17.1-wasm/index.html
1.16.5,game/eaglercraft/1.16.5/index.html,0
1.15,game/eaglercraft/1.15/index.html,0
1.14.4,0,game/eaglercraft/1.14.4-wasm/index.html
1.13.2,0,game/eaglercraft/1.13.2-wasm/index.html
1.12.2,game/eaglercraft/1.12.2/index.html,0
1.8.8,0,game/eaglercraft/1.8.8-wasm/index.html
1.7.10,0,game/eaglercraft/1.7.10-wasm/index.html
1.6.4,game/eaglercraft/1.6.4/index.html,0
1.5.2,game/eaglercraft/1.5.2/index.html,0
1.4.7,0,game/eaglercraft/1.4.7-wasm/index.html
1.3.2,0,game/eaglercraft/1.3.2-wasm/index.html
1.2.5,0,game/eaglercraft/1.2.5-wasm/index.html
1.2.3,game/eaglercraft/1.2.3/index.html,0
1.1,game/eaglercraft/1.1/index.html,0
1.0,game/eaglercraft/1.0/index.html,0
beta-1.9,0,game/eaglercraft/beta-1.9-wasm/index.html
beta-1.8.1,game/eaglercraft/beta-1.8.1/index.html,game/eaglercraft/beta-1.8.1-wasm/index.html
beta-1.7.3,game/eaglercraft/beta-1.7.3/index.html,0
beta-1.6.4,game/eaglercraft/beta-1.6.4/index.html,0
beta-1.5,game/eaglercraft/beta-1.5/index.html,0
beta-1.4,game/eaglercraft/beta-1.4/index.html,0
beta-1.3,game/eaglercraft/beta-1.3/index.html,0
beta-1.2,game/eaglercraft/beta-1.2/index.html,0
beta-1.1,game/eaglercraft/beta-1.1/index.html,0
beta-1.0.2,game/eaglercraft/beta-1.0.2/index.html,0
beta-1.0,game/eaglercraft/beta-1.0/index.html,0
alpha-1.2.6,game/eaglercraft/alpha-1.2.6/index.html,0
alpha-1.1.2_01,game/eaglercraft/alpha-1.1.2_01/index.html,0
alpha-1.0.16_02,0,game/eaglercraft/alpha-1.0.16_02-wasm/index.html
alpha-1.0.6_03,game/eaglercraft/alpha-1.0.6_03/index.html,0
alpha-1.0.4,game/eaglercraft/alpha-1.0.4/index.html,0
alpha-1.0.1_01,game/eaglercraft/alpha-1.0.1_01/index.html,0
indev,game/eaglercraft/indev/index.html,0
indev-20100219,0,game/eaglercraft/indev-20100219-wasm/index.html
indev-20100223,0,game/eaglercraft/indev-20100223-wasm/index.html
infdev,game/eaglercraft/infdev/index.html,game/eaglercraft/infdev-wasm/index.html
classic-0.3.0,0,game/eaglercraft/classic-0.3.0-wasm/index.html
classic-0.0.25a_05,0,game/eaglercraft/classic-0.0.25a_05-wasm/index.html
classic-0.0.24a_03,0,game/eaglercraft/classic-0.0.24a_03-wasm/index.html
classic-0.0.23a_01,0,game/eaglercraft/classic-0.0.23a_01-wasm/index.html
classic-0.0.22a_05,0,game/eaglercraft/classic-0.0.22a_05-wasm/index.html
classic-0.0.21a,0,game/eaglercraft/classic-0.0.21a-wasm/index.html
classic-0.0.20a_02,0,game/eaglercraft/classic-0.0.20a_02-wasm/index.html
classic-0.0.19a_06,0,game/eaglercraft/classic-0.0.19a_06-wasm/index.html
classic-0.0.18a_02,0,game/eaglercraft/classic-0.0.18a_02-wasm/index.html
classic-0.0.17a,0,game/eaglercraft/classic-0.0.17a-wasm/index.html
classic-0.0.16a_02,0,game/eaglercraft/classic-0.0.16a_02-wasm/index.html
classic-0.0.15a,0,game/eaglercraft/classic-0.0.15a-wasm/index.html
classic-0.0.14a_08,0,game/eaglercraft/classic-0.0.14a_08-wasm/index.html
classic-0.0.13a_03,0,game/eaglercraft/classic-0.0.13a_03-wasm/index.html
classic-0.0.12a_03,0,game/eaglercraft/classic-0.0.12a_03-wasm/index.html
classic-0.0.11a,0,game/eaglercraft/classic-0.0.11a-wasm/index.html
pre-classic-rd-161348,0,game/eaglercraft/pre-classic-rd-161348-wasm/index.html
pre-classic-rd-160052,0,game/eaglercraft/pre-classic-rd-160052-wasm/index.html
pre-classic-rd-132328,0,game/eaglercraft/pre-classic-rd-132328-wasm/index.html
pre-classic-rd-132211,0,game/eaglercraft/pre-classic-rd-132211-wasm/index.html
pre-classic-rd-131655,0,game/eaglercraft/pre-classic-rd-131655-wasm/index.html
4k,game/eaglercraft/4k/index.html,0